{"xSize": 2.352065682411194, "directions": {"0": {"tl": [0.009803866036236286, 0.37159740924835205], "bl": [0.009803876280784607, 0.8025819063186646], "tf": [0.6442859768867493, 0.5592116117477417], "tb": [0.35571399331092834, 0.009803906083106995], "br": [0.9901961088180542, 0.628402590751648], "tr": [0.9901961088180542, 0.19741809368133545], "bf": [0.6442859768867493, 0.9901961088180542]}, "1": {"tl": [0.009803924709558487, 0.13569697737693787], "bl": [0.009803935885429382, 0.5885967016220093], "tf": [0.2349873185157776, 0.5372964143753052], "tb": [0.7650126814842224, 0.009803980588912964], "br": [0.9901960492134094, 0.8643031120300293], "tr": [0.9901960492134094, 0.4114034175872803], "bf": [0.23498733341693878, 0.9901961088180542]}, "2": {"tl": [0.009803925640881062, 0.36416852474212646], "bl": [0.009803935885429382, 0.797001838684082], "tf": [0.6554074287414551, 0.5573627948760986], "tb": [0.34459254145622253, 0.009803928434848785], "br": [0.9901960492134094, 0.6358315348625183], "tr": [0.9901960492134094, 0.20299822092056274], "bf": [0.6554074287414551, 0.9901961088180542]}, "3": {"tl": [0.009803928434848785, 0.13170650601387024], "bl": [0.009803928434848785, 0.5813652276992798], "tf": [0.24378739297389984, 0.5405373573303223], "tb": [0.7562126517295837, 0.009803906083106995], "br": [0.9901961088180542, 0.8682935237884521], "tr": [0.9901961088180542, 0.4186347723007202], "bf": [0.24378739297389984, 0.9901961088180542]}, "4": {"tl": [0.009803916327655315, 0.3715975284576416], "bl": [0.009803906083106995, 0.8025819063186646], "tf": [0.644286036491394, 0.5592116713523865], "tb": [0.35571399331092834, 0.009803958237171173], "br": [0.9901961088180542, 0.6284025311470032], "tr": [0.9901961088180542, 0.19741810858249664], "bf": [0.644286036491394, 0.9901961088180542]}, "5": {"tl": [0.009803935885429382, 0.13569697737693787], "bl": [0.009803935885429382, 0.5885967016220093], "tf": [0.2349875420331955, 0.5372963547706604], "tb": [0.7650124430656433, 0.009803876280784607], "br": [0.9901960492134094, 0.8643029928207397], "tr": [0.9901960492134094, 0.41140326857566833], "bf": [0.2349875420331955, 0.9901960492134094]}, "6": {"tl": [0.009803906083106995, 0.36416852474212646], "bl": [0.009803906083106995, 0.7970017790794373], "tf": [0.6554073691368103, 0.5573627948760986], "tb": [0.3445925712585449, 0.009803958237171173], "br": [0.9901960492134094, 0.6358314752578735], "tr": [0.9901960492134094, 0.20299825072288513], "bf": [0.6554073691368103, 0.9901960492134094]}, "7": {"tl": [0.009803932160139084, 0.1317065805196762], "bl": [0.009803920984268188, 0.5813652873039246], "tf": [0.2437874674797058, 0.5405373573303223], "tb": [0.7562124729156494, 0.009803913533687592], "br": [0.9901959896087646, 0.8682934641838074], "tr": [0.9901960492134094, 0.41863471269607544], "bf": [0.2437874674797058, 0.9901961088180542]}}, "ySize": 2.4116761684417725, "zSize": 2.2839789390563965}