{"ySize": 2.4116761684417725, "directions": {"0": {"bl": [0.009803876280784607, 0.8025819063186646], "tr": [0.9901961088180542, 0.19741809368133545], "tl": [0.009803866036236286, 0.37159740924835205], "tb": [0.35571399331092834, 0.009803906083106995], "bf": [0.6442859768867493, 0.9901961088180542], "tf": [0.6442859768867493, 0.5592116117477417], "br": [0.9901961088180542, 0.628402590751648]}, "2": {"bl": [0.009803935885429382, 0.797001838684082], "tr": [0.9901960492134094, 0.20299822092056274], "tl": [0.009803925640881062, 0.36416852474212646], "tb": [0.34459254145622253, 0.009803928434848785], "bf": [0.6554074287414551, 0.9901961088180542], "tf": [0.6554074287414551, 0.5573627948760986], "br": [0.9901960492134094, 0.6358315348625183]}, "4": {"bl": [0.009803906083106995, 0.8025819063186646], "tr": [0.9901961088180542, 0.19741810858249664], "tl": [0.009803916327655315, 0.3715975284576416], "tb": [0.35571399331092834, 0.009803958237171173], "bf": [0.644286036491394, 0.9901961088180542], "tf": [0.644286036491394, 0.5592116713523865], "br": [0.9901961088180542, 0.6284025311470032]}, "6": {"bl": [0.009803906083106995, 0.7970017790794373], "tr": [0.9901960492134094, 0.20299825072288513], "tl": [0.009803906083106995, 0.36416852474212646], "tb": [0.3445925712585449, 0.009803958237171173], "bf": [0.6554073691368103, 0.9901960492134094], "tf": [0.6554073691368103, 0.5573627948760986], "br": [0.9901960492134094, 0.6358314752578735]}}, "zSize": 2.2839789390563965, "xSize": 2.352065682411194}